id,name,date_of_birth,address,role
10000,"Patrice Mayer",1951-06-24,"24 South Green Hague Road",referee
10001,"Oliver Horne",NULL,"515 North Green Oak Road",referee
10002,"Harry Arellano",1971-10-12,NULL,observer
10003,"Stacie Noble",1970-01-07,"737 South Green New St.",observer
10004,"Eugene Chan",1969-02-27,"111 South White Second St.",observer
10005,"Joel Stephens",1985-05-09,"58 South Rocky Hague Way",referee
10006,"George Barrera",1958-01-20,NULL,referee
10007,"Lesley Santana",1989-05-25,"54 North Green Second Blvd.",referee
10008,"Don Berger",1954-04-02,"58 South Green Milton Way",referee
10009,"Dallas Wong",1999-10-30,"21 South Green Hague Road",observer
10010,"Iris Hamilton",1997-08-05,"81 North Green First Freeway",observer
10011,"Garrett Kane",1954-06-06,"81 North Green Old Avenue",referee
10012,"Bonnie Bishop",1997-06-15,"252 South White Hague Road",observer
10013,"Walter Golden",NULL,"20 North Green Clarendon Street",referee
10014,"Jeffery Hampton",1960-08-03,"64 East Green Nobel Way",referee
10015,"Willie Hatfield",1982-11-11,"565 South White Oak Road",referee
10016,"Perry Good",1983-03-23,"786 South Rocky First Way",referee
10017,"Lauren Webster",1952-12-30,"24 South White Second Drive",observer
10018,"Lakeisha Calderon",1983-03-18,"74 West Green Second Avenue",observer
10019,"Dawn Greene",1943-11-29,"53 North Green Second Road",observer
10020,"Tera Kelly",1971-10-27,"46 South Green Second Road",referee
10021,"Virgil Bruce",1972-05-19,"697 East Rocky First Road",referee
10022,"Patricia Lamb",NULL,"86 East Rocky First Street",referee
10023,"Quincy Wolfe",1942-08-11,"478 South Rocky New Street",observer
10024,"Randolph Robinson",1984-05-26,"57 North Rocky Hague Road",referee
10025,"Diane Mcfarland",1969-04-19,"444 East White Second Drive",referee
10026,"Latasha Hensley",1963-01-17,"744 South Green Oak Blvd.",observer
10027,"Claude Taylor",1959-08-15,"18 South Green Oak Freeway",referee
10028,"Felipe Doyle",1948-02-26,"882 West Rocky Old Street",observer
10029,"Ginger Burns",1962-09-25,"384 West Rocky Fabien Way",observer
10030,"Irene Richards",1985-01-01,"563 East Rocky Hague Blvd.",referee
10031,"Jerry Bishop",1953-03-01,"726 South White New Road",observer
10032,"Ray Meyer",1942-03-20,"134 North Rocky Cowley Drive",observer
10033,"Tom Mayo",1952-07-25,NULL,observer
10034,"Elisabeth Newman",1955-02-07,"432 South Green Cowley Avenue",observer
10035,"Cory Salas",1942-07-01,"448 East Green Cowley Parkway",referee
10036,"Frederick Parks",1984-06-18,"86 South Green Oak Avenue",observer
10037,"Tammy Barry",1977-11-27,NULL,referee
10038,"Marla Lucero",1994-03-05,"513 East Green New Blvd.",referee
10039,"Micheal Fields",1980-02-21,"570 West Rocky Hague Road",observer
10040,"Ty Miranda",1982-04-16,"717 West White Hague Avenue",observer
10041,"Monique Matthews",1957-10-19,"443 East Rocky Second Road",observer
10042,"Jesus Carter",1985-09-06,"343 East Rocky Second Road",observer
10043,"Howard Cordova",2004-12-13,"55 South White First Freeway",referee
10044,"Julian Madden",1970-12-02,"813 West Green Milton Blvd.",observer
10045,"Jo Mason",1945-12-15,"37 North Rocky Milton Street",observer
10046,"Shana Orozco",1995-10-07,"682 North Green First Avenue",referee
10047,"Latoya Proctor",1976-06-07,"23 South White Oak Parkway",referee
10048,"Kathleen Ortiz",1972-01-22,"422 North White Milton Drive",referee
10049,"Gene Walls",1994-05-13,"634 West Green Hague Freeway",referee
10050,"Ian Young",NULL,"888 East White Second Drive",referee
10051,"Tomas Erickson",1976-10-16,"744 South Green New Freeway",referee
10052,"Chasity Gonzalez",NULL,"73 South Green Second Avenue",referee
10053,"Esteban Jackson",1951-12-26,"913 East Green Oak Way",referee
10054,"Dina Kim",1997-08-21,"26 North Green Clarendon Drive",observer
10055,"Darrin Joyce",1950-05-05,"24 South Rocky Fabien Parkway",referee
10056,"Gregg Burton",2001-05-09,"49 South Rocky Fabien Freeway",observer
10057,"Manuel Ball",1977-09-07,"339 North Green Milton Parkway",observer
10058,"Dallas Taylor",NULL,"296 North White Second Drive",referee
10059,"Peter Davis",NULL,"266 East Rocky Hague Street",referee
10060,"Kelley Boone",1977-04-24,"61 South White Second Freeway",referee
10061,"Austin Perry",1940-05-19,"179 South Rocky Second Road",referee
10062,"Damien Le",1990-06-12,NULL,referee
10063,"Jake Ryan",NULL,"385 North White Hague Drive",observer
10064,"Melinda Howell",1999-11-29,"556 South White First Parkway",referee
10065,"Joe Doyle",1947-05-10,"18 West Green Clarendon Boulevard",observer
10066,"Susana Mercer",1961-02-03,NULL,referee
10067,"Elijah Hansen",1969-03-30,"61 East Green First Boulevard",observer
10068,"Fernando Singh",1973-04-29,"69 North Green Hague Boulevard",referee
10069,"Bernard Hester",NULL,"892 North Green Nobel Freeway",referee
10070,"Vicki Shepard",1961-09-03,"54 North White Nobel Street",observer
10071,"Pablo Bell",1990-01-19,"12 North White Second Way",observer
10072,"Janelle Jarvis",2003-02-19,"27 South Rocky Hague Parkway",referee
10073,"Rex Lewis",1944-06-23,NULL,referee
10074,"Tony Mejia",1945-05-15,"65 North Green Hague Boulevard",referee
10075,"Randal Arroyo",1994-03-21,"676 South Green Second Avenue",referee
10076,"George Escobar",NULL,NULL,observer
10077,"Tabitha Huber",1971-07-22,NULL,observer
10078,"Felicia Griffin",1967-05-23,"49 West Rocky Milton Drive",referee
10079,"Sharon Snow",1970-02-16,NULL,observer
10080,"Luis Bean",NULL,"18 South Green New Drive",referee
10081,"Clarence Tucker",1944-01-03,"617 South Green Old Parkway",referee
10082,"Tony Shepard",1947-04-08,"84 East Green First St.",referee
10083,"Heath Dougherty",1992-08-24,"925 East White Hague Blvd.",observer
10084,"Katina Hamilton",1950-10-01,"16 North Green Milton Road",observer
10085,"Ann Lang",1992-06-19,"16 South Rocky New Road",observer
10086,"Leigh Johns",1989-08-02,"35 North Green Oak Blvd.",referee
10087,"Gustavo Morton",1994-01-19,"90 West Rocky Milton Avenue",referee
10088,"Jill Colon",1963-06-21,"88 North Green Milton St.",observer
10089,"Theodore Serrano",1947-10-15,"831 South Rocky Hague Drive",observer
10090,"Roy Gay",1957-07-18,"267 North Rocky Hague Avenue",referee
10091,"Isaac Green",1949-07-03,"137 South White New Parkway",referee
10092,"Terry Reilly",1999-11-08,"865 West Green Nobel Boulevard",observer
10093,"Rosa Lynn",1974-10-02,"48 West Green Nobel Drive",observer
10094,"Gloria Young",1967-09-20,"177 South White Milton Road",referee
10095,"Victor Hawkins",1968-11-25,"80 South White New Way",referee
10096,"Ashley Velasquez",1973-02-12,"77 South Green Hague Blvd.",referee
10097,"Glenn Schwartz",1978-03-15,"393 East White Old Way",referee
10098,"Sheila Berry",2003-01-14,"73 East White Hague Way",referee
10099,"Lindsay Andrews",1996-03-04,"47 North White Milton Drive",observer
