id,name,date_of_birth,address,role
20000,Ronald Norman,1/24/1974,31 North Rocky Hague Way,Coach
20001,Carmen Quinn,4/18/1972,67 South White Hague Way,Coach
20002,Laura Lyons,1978-10-05,382 North White Oak Drive,Coach
20003,Ruth Pierce,3/8/1963,269 South White Second Street,Marketing
20004,Gwendolyn Hayes,3/20/1994,,Steward
20005,Charles Vang,1/5/1970,645 South Green Second Boulevard,Coach
20006,Bobby Palmer,3/28/1996,577 North White Nobel Avenue,Coach
20007,Leo Andersen,8/10/1988,271 East Green Second Drive,Coach
20008,Trisha Nguyen,7/6/1965,92 South Green Hague Blvd.,Coach
20009,Ashley Hoffman,6/24/1999,504 South Green Fabien Street,Coach
20010,Ramona Velez,1974-07-12,46 South Rocky Nobel Way,Coach
20011,Jamie Rosario,1962-04-01,781 East Rocky Fabien Drive,Coach
20012,Brian Morgan,10/17/1973,765 North Rocky Milton Road,Coach
20013,Darius Carr,9/10/1951,50 North Green Old Blvd.,Coach
20014,Trisha Houston,10/29/1999,774 South Green Oak Street,Coach
20015,Tania Pittman,12/14/2001,432 South White First Drive,Coach
20016,Amanda Cross,3/29/1993,751 South Green Oak Way,Coach
20017,Clyde Patterson,8/5/1973,77 West White New Drive,Coach
20018,Anitra Jarvis,12/30/1993,26 South Rocky Fabien St.,Coach
20019,Glenda Dennis,8/16/1961,222 South Green Second Road,Coach
20020,Patrice Armstrong,9/5/2001,26 West White Old Drive,Coach
20021,Bridget Baird,9/1/1961,,Coach
20022,Audra Hess,5/5/1971,,Coach
20023,Rachael Thompson,2/22/1966,79 South Green Second Avenue,Coach
20024,Leslie Day,7/18/1975,423 West Green First Way,Coach
20025,Ian Melendez,5/19/1970,,Coach
20026,Jorge Beck,7/7/1985,36 South White Milton Way,Coach
20027,Moses Hill,11/15/1963,,Coach
20028,Tonia Weiss,8/13/1991,585 East White Cowley St.,Coach
20029,Ginger Smith,10/25/1992,882 North Green Second Blvd.,Coach
20030,Adriana Eaton,12/18/1993,749 East Green First Freeway,Coach
20031,Bart Baker,10/3/1995,339 East Green Milton Road,Coach
20032,Russell Waters,10/22/1976,299 South White Milton Drive,Coach
20033,Lucas Hamilton,5/27/1976,84 South Green Milton Road,Coach
20034,Clayton Simon,7/5/1963,,Coach
20035,Darrell Levine,9/10/1990,85 North Rocky Nobel Freeway,Coach
20036,Chanda Gordon,11/17/1961,31 West Green Nobel Way,Conditioning coach
20037,Travis Ortega,3/20/1976,36 West Green Clarendon Way,Coach
20038,Sonia Huber,6/11/1989,480 North Rocky Fabien Parkway,Coach
20039,Jodi Rodriguez,5/11/1986,80 East Green Old Avenue,Coach
20040,Marisol Wood,1990-04-20,752 South Green First St.,Coach
20041,Clifford Cooley,1969-06-06,97 North Rocky Fabien St.,Coach
20042,Marvin Combs,8/26/1989,,Coach
20043,Craig Mckay,10/16/1953,,Coach
20044,Suzanne Pope,12/7/1964,67 South Green Fabien Blvd.,Coach
20045,Bryon Keller,1952-09-07,548 West Green Milton Parkway,Coach
20046,Damian Bowers,10/31/1953,33 North Rocky Hague Street,Coach
20047,Brady Odonnell,8/20/1985,53 South White Hague Parkway,Coach
20048,Sharon Wolfe,10/11/2001,861 South White Clarendon Blvd.,Coach
20049,Elena Novak,5/19/1997,80 East Rocky Fabien Way,Coach
20050,Stacey Lewis,12/21/1963,350 North Green Cowley Road,Coach
20051,Lorraine Moran,1953-08-02,62 South Green Hague Blvd.,Coach
20052,Lena Vang,1967-04-08,947 West Rocky Fabien St.,Steward
20053,Tonia Mccarty,8/17/1957,58 South Rocky Second Way,Coach
20054,Mia Donaldson,7/29/2000,42 North Green Fabien Drive,Coach
20055,Eileen Meza,11/27/1965,27 West Green Clarendon Blvd.,Coach
20056,Tyrone Frazier,10/31/1998,90 South Rocky Hague Avenue,Coach
20057,Kristen Goodman,9/3/1961,361 East Green Milton Blvd.,Coach
20058,Virgil Frazier,1977-06-06,500 East White First Blvd.,Coach
20059,Ron Wiggins,1960-08-29,63 West Rocky Second Blvd.,Coach
20060,Bryon Villarreal,9/14/1987,62 East White Milton Street,Coach
20061,Daphne Hammond,12/20/1950,24 West Green Hague Blvd.,Kit manager
20062,Rachael Frederick,1/21/1975,66 North Green New Freeway,Coach
20063,Krystal Giles,11/1/1960,,Kit manager
20064,Edward Jefferson,1966-10-11,339 South Rocky Nobel Avenue,Coach
20065,Benny Harrington,3/3/1991,85 South Rocky Milton Blvd.,Coach
20066,Brad Durham,4/6/1962,74 South Green Hague Way,Coach
20067,Xavier Hogan,7/12/1999,284 West Green Milton Boulevard,Coach
20068,Brandon Hines,8/20/1990,57 South Green Second St.,Coach
20069,Terrance Hickman,9/9/1952,495 South Green Hague Way,Kit manager
20070,Jessie Woods,3/5/1989,59 North White Nobel Avenue,Coach
20071,Dwayne Burgess,8/7/1951,564 North Green First Street,Coach
20072,Sherman Cain,6/23/1994,60 South Rocky Oak Road,Coach
20073,Kirsten Mooney,1953-07-14,885 South White Second Boulevard,Coach
20074,Loretta Boyle,9/12/1964,36 North Green Second Boulevard,Conditioning coach
20075,Sheila Howell,12/24/1967,64 South Green Hague Parkway,Conditioning coach
20076,Taryn Howell,4/15/1965,341 North Rocky Hague Way,Coach
20077,Laura Ryan,9/11/1988,817 South Green Oak Street,Coach
20078,Latisha Monroe,10/28/1959,68 North Green Milton Boulevard,Conditioning coach
20079,Carla Church,2/3/1976,51 North Green Cowley Parkway,Coach
20080,Hannah Stanton,5/5/1958,846 North Green Nobel Freeway,Coach
20081,Esther Bowman,1994-05-09,12 North White Second Freeway,Coach
20082,Vincent Avila,4/23/1997,761 East Green Nobel Boulevard,Coach
20083,Dawn Hayden,10/4/1959,26 North White First Road,Steward
20084,Jordan Curry,6/21/1975,868 North Rocky Milton Drive,Coach
20085,Cory Thornton,7/23/1979,527 South Green New Way,Coach
20086,Nathan Cohen,5/14/1977,948 South Rocky Second Boulevard,Coach
20087,Mandi Briggs,6/21/1979,705 North Green Hague Parkway,Coach
20088,Casey Barnes,4/28/2003,85 North Rocky Hague Road,Coach
20089,Shawn Castaneda,6/28/1962,322 East Green Second Blvd.,Coach
20090,Arlene Pratt,7/17/1975,57 South White Second Road,Kit manager
20091,Maggie Rasmussen,12/14/1998,,Groundsman
20092,Kara Mc Daniel,6/28/1993,,Coach
20093,Terence Solomon,10/30/1998,76 North Rocky Milton St.,Steward
20094,Cornelius Marsh,7/9/1970,386 South White Nobel Boulevard,Coach
20095,Gene Compton,1972-01-09,45 North Rocky Oak Road,Coach
20096,Andrew Frazier,3/25/1959,752 North Green Cowley Blvd.,Conditioning coach
20097,Alex Griffin,9/5/1976,77 North Green New Boulevard,Coach
20098,Daphne Meyer,7/2/1962,536 North Rocky Second Blvd.,Coach
20099,Nicholas Flynn,5/10/1971,722 North Rocky New Way,Groundsman
20100,Adrienne Kane,8/12/1996,52 West White Second Freeway,Groundsman
20101,Tanya Faulkner,1994-07-24,67 South Green Milton Way,Coach
20102,Ira Rivers,12/11/1975,80 East Green Nobel Parkway,Coach
20103,Roxanne Valenzuela,6/30/2000,38 West Green Milton St.,Steward
20104,Tamara Jimenez,6/28/1953,61 North Green Hague Blvd.,Marketing
20105,Gavin Blevins,11/7/1998,35 East Rocky Hague Parkway,Marketing
20106,Karin Gallagher,1954-06-25,28 South Green Nobel Freeway,Scout
20107,Lindsay Sandoval,11/11/1986,555 West Green Clarendon Street,Kit manager
20108,Jess Frye,12/5/2001,517 South Green Hague Blvd.,Marketing
20109,Courtney Johns,4/25/1969,411 East White Hague Way,Coach
20110,Forrest Drake,11/26/1995,11 North Rocky Hague Road,Coach
20111,Janice Morris,5/6/1994,221 North White Cowley Drive,Marketing
20112,Ralph Koch,1960-02-22,684 South Green Milton Road,Physiotherapist
20113,Gilberto Franklin,9/5/1954,83 South Green Oak Freeway,Physiotherapist
20114,Marcy Lindsey,5/24/1951,628 North Green New Drive,Kit manager
20115,Kent Bryan,12/31/1961,214 North Green Cowley St.,Groundsman
20116,Bobbie Goodwin,8/31/1965,34 South Green Hague Drive,Physiotherapist
20117,Darrin Morton,2/1/1982,214 South Green Milton Street,Groundsman
20118,Sandra Walton,8/31/1987,181 South Green Fabien Avenue,Coach
20119,Charity Lynn,9/14/1992,33 North Green Fabien Road,Kit manager
20120,Jenny Collier,5/28/1969,763 South Green Milton Way,Groundsman
20121,Ethan Taylor,10/13/2003,,Scout
20122,Natasha Griffin,2/5/1993,13 South Rocky Nobel Blvd.,Data analyst
20123,Olga Montgomery,12/14/1963,12 North White Fabien Freeway,Marketing
20124,Vivian Carlson,8/19/1951,,Marketing
20125,Tisha Maxwell,8/2/2002,17 South White Hague St.,Groundsman
20126,Darcy Conrad,12/14/1967,41 South Rocky Milton Drive,Marketing
20127,Gregory Wolfe,2/25/1994,446 South White Oak Road,Kit manager
20128,Evelyn Hendricks,3/14/1961,87 North Rocky Hague Road,Steward
20129,Irma Gregory,10/28/1965,682 West Rocky Hague Parkway,Physiotherapist
20130,Melinda Travis,7/23/1998,89 North Rocky First Street,Data analyst
20131,Dena Prince,5/19/1983,544 North Green Oak Drive,Groundsman
20132,Monte Levy,11/25/1995,55 East Green Milton Drive,Kit manager
20133,Luis Floyd,1993-12-31,363 West White Second Drive,Groundsman
20134,Tania George,5/24/2002,756 West Green Milton Blvd.,Steward
20135,Lisa Donaldson,7/22/1999,522 North Green New Parkway,Coach
20136,Brent Roman,4/22/1958,,Data analyst
20137,Harvey Rosario,3/26/1960,96 West Rocky Hague Way,Steward
20138,Tia Abbott,8/29/1989,273 East Green Second Freeway,Marketing
20139,Brian Ryan,3/13/1965,34 North White New Avenue,Physiotherapist
20140,William Parker,11/24/1992,18 North Rocky Nobel Boulevard,Kit manager
20141,Jake Potts,11/12/1972,58 South Green Cowley Freeway,Physiotherapist
20142,Stacie Peters,10/17/1971,810 South Rocky Nobel Avenue,Data analyst
20143,Cathy Luna,3/19/1978,14 West Rocky Milton Freeway,Physiotherapist
20144,Israel Boyer,5/11/1977,,Kit manager
20145,Joyce Young,1951-10-15,377 West Green New Boulevard,Conditioning coach
20146,Grace Kirby,1/26/1956,26 North White Second Boulevard,Marketing
20147,Kristi Ramos,12/27/1973,56 South White Oak Street,Recruiter
20148,Ronnie Barry,4/4/1989,26 North White Nobel Freeway,Marketing
20149,Candace Mann,12/5/1992,661 North White Milton Road,Data analyst
20150,Noah Bautista,1/12/1951,677 East White New Drive,Recruiter
20151,Craig Duncan,2/24/1998,97 South Rocky Oak Drive,Steward
20152,Saul Shields,5/3/2002,348 South Green Second Avenue,Kit manager
20153,Ian Bridges,1/19/1955,670 South Rocky First Way,Kit manager
20154,Ronda Gallegos,4/23/1962,62 North Green New Blvd.,Physiotherapist
20155,Colby Vincent,1971-06-04,78 West Green Second Avenue,Physiotherapist
20156,Kristian Sloan,7/4/1970,45 North Green Old Blvd.,Marketing
20157,James Higgins,11/27/2001,75 North Green Cowley Boulevard,Kit manager
20158,Rachael Gutierrez,1955-01-25,234 North Rocky Hague Parkway,Kit manager
20159,Erik Rose,1980-01-04,503 East Rocky Fabien Blvd.,Recruiter
20160,Felix Ramsey,8/29/1952,,Marketing
20161,Gloria Rhodes,4/16/1973,67 North Green Hague Avenue,Physiotherapist
20162,Kathy Barnes,1/29/1996,427 South Green Second Freeway,Marketing
20163,Chester Curtis,10/16/1980,660 North Rocky Milton Freeway,Marketing
20164,Garry Hernandez,8/28/1992,523 West Rocky Hague Boulevard,Data analyst
20165,Jocelyn Armstrong,7/2/1958,610 North Rocky Second Freeway,Physiotherapist
20166,Ethan Huffman,9/14/1957,522 South White Milton Way,Recruiter
20167,Whitney Solomon,9/24/1976,924 East Green Milton Drive,Groundsman
20168,Tammi Hunt,8/14/1971,,Groundsman
20169,Terrence Stokes,6/4/1977,876 East Green First Way,Kit manager
20170,Alfred Roberts,3/28/2002,30 North Green Hague Drive,Kit manager
20171,Mia Winters,1/2/1954,26 West Green Oak Drive,Recruiter
20172,Arthur Lozano,10/25/1954,661 East White New Way,Data analyst
20173,Jesus Holt,12/9/1956,528 South Green Oak Street,Kit manager
20174,Jamey Buchanan,8/18/1987,30 South Green Hague Drive,Data analyst
20175,Jon Cantu,7/12/1985,948 South Rocky Milton Blvd.,Recruiter
20176,Francisco Sherman,1/30/1981,51 South Green Hague St.,Kit manager
20177,Allan Everett,3/3/1954,38 West Green Nobel Freeway,Groundsman
20178,Luz Ryan,2/29/1992,17 South White Clarendon Road,Kit manager
20179,Tim Salazar,4/4/1954,899 North Rocky Second Street,Recruiter
20180,Jennie Franklin,2/20/1950,71 South Green Old St.,Marketing
20181,Sherrie Velasquez,4/25/1952,,Recruiter
20182,Elias Benton,6/17/1990,491 East White Hague Boulevard,Data analyst
20183,Lewis Cannon,4/16/1972,313 South White Hague Road,Conditioning coach
20184,Lorie Holmes,3/23/1997,,Marketing
20185,Helen Clark,8/5/1957,53 South Green Milton Boulevard,Groundsman
20186,Lynn Shannon,11/6/1971,18 North White Cowley Road,Physiotherapist
20187,Tera Castro,8/21/1989,45 East Green Second Avenue,Marketing
20188,Vanessa Velez,3/30/1981,37 West Rocky Hague Parkway,Kit manager
20189,Laura Lucas,6/13/1979,757 North Green New Way,Groundsman
20190,Darin Chen,4/16/2001,68 West White Nobel Blvd.,Data analyst
20191,Miriam Guerra,2/2/1977,58 North Green Hague Boulevard,Kit manager
20192,Edith Walls,1/11/1988,57 North Rocky Milton Drive,Data analyst
20193,Charles Leblanc,9/15/1967,55 South Rocky Milton Way,Recruiter
20194,Darryl Orr,3/12/1985,213 East Green Milton Way,Data analyst
20195,Francisco Andersen,8/31/1984,,Kit manager
20196,Dina Meyers,12/28/1986,30 North Rocky Nobel Road,Recruiter
20197,Jason Summers,7/2/1996,835 South Green First Boulevard,Recruiter
20198,Gregg Simon,2/25/1985,,Physiotherapist
20199,Herman Munoz,1/27/1962,22 West Green Fabien Blvd.,Data analyst
20200,Jake Brock,7/19/1963,11 East Rocky Second Parkway,Groundsman
20201,Milton Delacruz,12/26/1953,278 North Green Oak Drive,Coach
20202,Jeanette Peck,10/12/1987,24 East Rocky Hague St.,Groundsman
20203,Natasha Cummings,8/6/1996,32 South Green Milton Boulevard,Physiotherapist
20204,Gabriel Powers,5/24/1993,88 South Green First Street,Sport nutritionist
20205,Meredith Gomez,1/20/1985,45 South Rocky Old Street,Kit manager
20206,Guillermo Pruitt,5/27/2000,81 East Rocky Second Drive,Groundsman
20207,Beverly Ponce,8/21/1984,874 South White New Street,Coach
20208,Daryl Kaiser,1978-05-13,,Recruiter
20209,Wanda Harper,6/14/1952,,Steward
20210,Joni Greene,9/24/1998,46 South Rocky Milton Road,Kit manager
20211,Jamie Huynh,8/27/1980,536 North Rocky Second Drive,Physiotherapist
20212,Stefanie Acosta,11/17/1983,69 South White Nobel Freeway,Groundsman
20213,Kendrick Francis,12/27/1961,55 North Green First Boulevard,Steward
20214,Emma Ball,10/30/1992,708 East Rocky Oak Way,Recruiter
20215,Ashley Henderson,3/14/1980,23 South Rocky Oak Parkway,Recruiter
20216,Denise White,12/7/1985,68 South Rocky Second Freeway,Recruiter
20217,Lorraine Camacho,4/3/1969,72 South White New Freeway,Scout
20218,Penny Coffey,6/1/1988,99 North Green Cowley Freeway,Kit manager
20219,Megan Stanton,1959-11-09,,Conditioning coach
20220,Belinda Mc Lean,2/2/1990,35 East Rocky Second Way,Physiotherapist
20221,Alexander Klein,2/6/1969,231 North Rocky Milton St.,Marketing
20222,Gabriela Andrews,1/16/1998,22 North Green Nobel Freeway,Recruiter
20223,Ernest Peters,8/29/1987,93 North Green Second Street,Data analyst
20224,Raquel Stewart,2/10/1958,968 North White Second Drive,Recruiter
20225,Elton Reed,6/15/1974,44 South White Fabien Way,Groundsman
20226,Jeannie Preston,5/9/1969,24 North Green Clarendon Way,Physiotherapist
20227,Connie Estrada,6/21/1980,571 North Green Clarendon Drive,Data analyst
20228,Ginger Ross,11/3/1959,45 North Green New Parkway,Coach
20229,Craig Arellano,1/21/1981,259 South White Second Way,Recruiter
20230,Stuart Garner,7/6/1996,68 West Rocky Second Road,Physiotherapist
20231,Dwight Tucker,9/11/1988,88 North Green Nobel Road,Kit manager
20232,Edward Tate,4/23/1979,564 South Green First Road,Groundsman
20233,Tania Hendricks,3/18/1951,21 East Rocky Milton Drive,Recruiter
20234,Amie Ferrell,3/23/1974,35 North Rocky Second Blvd.,Recruiter
20235,Myra Bentley,3/21/1968,46 West White Nobel Freeway,Physiotherapist
20236,Stephanie Wilcox,5/5/1955,56 North Rocky First Way,Marketing
20237,Randolph Bean,7/7/1971,32 North Green Nobel Street,Physiotherapist
20238,Kelvin Simpson,10/14/1978,838 East Green Nobel Way,Physiotherapist
20239,Virginia Tran,1968-11-12,33 South White New Road,Groundsman
20240,Steve Pennington,4/18/1998,41 North Green Second Blvd.,Kit manager
20241,Kelli York,8/3/1977,27 East Rocky Fabien Avenue,Steward
20242,Kendrick Wong,4/15/1969,79 East Rocky Oak Drive,Conditioning coach
20243,Spencer Baker,2/5/1970,80 East White New Road,Physiotherapist
20244,Martin Yoder,2/13/1990,72 West Rocky Milton Drive,Physiotherapist
20245,Cara Porter,11/5/1997,87 South Rocky Second Freeway,Marketing
20246,Jody Beltran,2/25/1992,53 South Green New Drive,Data analyst
20247,Tania Brock,10/25/1980,155 South White Second Street,Coach
20248,Emily Ware,1/13/1973,922 North Rocky First Road,Recruiter
20249,Olivia Case,12/31/1970,15 North Green New Drive,Coach
20250,Ruby Morrison,3/3/1953,773 East Green Hague Avenue,Sport nutritionist
20251,Wendi Abbott,1999-05-11,97 North White New Road,Groundsman
20252,Trisha David,8/11/1994,753 South Green Nobel Boulevard,Sport nutritionist
20253,Sonny Oliver,11/13/1978,997 North White New St.,Groundsman
20254,Rachael Key,10/12/1958,72 South Green Fabien Way,Physiotherapist
20255,Kent Bowers,4/16/1977,46 South White New Way,Recruiter
20256,Demetrius Thompson,2/10/1966,812 North White Hague Parkway,Steward
20257,Tiffany Ramsey,10/3/1958,57 South Green New Boulevard,Steward
20258,Lamar Drake,12/29/1986,12 North Rocky Milton Street,Kit manager
20259,Gena Crosby,5/1/1995,114 East Rocky Hague Blvd.,Physiotherapist
20260,Karin Goodman,2/1/1965,828 South Rocky Fabien Street,Marketing
20261,Terrence Sandoval,9/24/1977,43 West White Fabien Freeway,Kit manager
20262,Erich Bender,5/29/1961,19 South Green Fabien Drive,Data analyst
20263,Tyson Salazar,12/14/1978,559 North Green First Road,Recruiter
20264,Kerry Moody,6/11/1978,,Physiotherapist
20265,Claude Rosario,1969-04-10,,Recruiter
20266,Trina Conley,11/10/1969,376 North Rocky New Road,Data analyst
20267,Alice Blackwell,11/16/1983,985 North Green Fabien Drive,Sport nutritionist
20268,Esmeralda Chang,4/14/1990,525 South Green Milton Blvd.,Marketing
20269,Jermaine Delacruz,12/19/1954,89 West White Hague Parkway,Data analyst
20270,Alana Herring,1/7/1971,50 North Rocky First Drive,Kit manager
20271,Ernesto Lam,1953-01-07,,Coach
20272,Charlotte Knox,5/27/1960,232 North Green New Freeway,Marketing
20273,Audra Weeks,9/2/1971,711 South Green Milton Way,Scout
20274,Brock Hull,3/8/1970,78 East White Clarendon Road,Recruiter
20275,Dean Nash,5/22/1987,444 South Rocky First Freeway,Scout
20276,Eugene Ingram,5/12/1961,183 North Green Fabien Road,Recruiter
20277,Lisa Vang,5/19/1965,236 North Green Hague St.,Data analyst
20278,Marilyn Davies,5/15/1995,58 North Green Hague Road,Kit manager
20279,Jimmy Marks,5/3/1958,31 North Rocky Fabien Freeway,Marketing
20280,Tameka Rivera,8/14/1995,327 South Green Hague Freeway,Data analyst
20281,Marcia Bennett,7/12/1954,,Groundsman
20282,Belinda Wheeler,9/18/1976,66 East Green First Way,Recruiter
20283,Cornelius Cervantes,1/29/1964,601 South White Old Blvd.,Marketing
20284,James Frye,11/28/1988,872 North Rocky Second Drive,Marketing
20285,Chastity Ramos,4/6/1969,30 North Green Hague Blvd.,Groundsman
20286,Brenda Huynh,1958-08-01,233 West Green New Boulevard,Physiotherapist
20287,Kristina Hudson,1984-12-06,157 South Green Second Freeway,Recruiter
20288,Sherri Hawkins,1/21/1956,86 East Green Milton Street,Groundsman
20289,Amelia Morales,9/16/1987,902 West Green Fabien Drive,Kit manager
20290,Irma Baxter,6/3/1997,444 North Rocky New Blvd.,Recruiter
20291,Thomas Fitzgerald,10/16/1957,353 East Rocky Milton Road,Marketing
20292,Tyson Collier,4/18/1983,82 East White Hague Drive,Marketing
20293,Guy Shelton,3/20/1977,41 East Green Oak Way,Data analyst
20294,Stephen Calderon,11/27/1996,,Sport nutritionist
20295,Joan Shannon,7/28/2000,62 West Rocky Fabien Way,Data analyst
20296,Dexter Salas,1/15/1950,55 South Rocky Nobel Drive,Kit manager
20297,Kelley Haynes,2/2/1975,39 North Green First Road,Kit manager
20298,Shonda Harrell,4/27/1956,398 South Green Nobel Freeway,Recruiter
20299,Ronda Benton,6/16/1976,29 South Green Hague Avenue,Recruiter
20300,Dena Roach,4/3/1997,843 East Green New Way,Scout
20301,Brady Gentry,1/12/1970,,Coach
20302,Dianna Schmitt,3/1/1988,451 North White Milton Parkway,Recruiter
20303,Lamont Martin,4/25/1980,56 North Rocky Hague Boulevard,Marketing
20304,Amie Juarez,6/23/1991,322 North Green Nobel Road,Scout
20305,Deborah Mccall,2/1/1953,787 North Green Hague Freeway,Data analyst
20306,Johnathan Hart,1/21/1957,74 North Green Nobel Street,Kit manager
20307,James May,3/1/1973,380 West Green Milton Road,Recruiter
20308,Latoya Rivera,2000-03-11,75 West Green Nobel Street,Marketing
20309,Tammy Burnett,1974-11-14,259 North Green Clarendon Blvd.,Physiotherapist
20310,Terence Mc Cormick,11/7/1990,74 South Green Second Freeway,Data analyst
20311,Taryn Whitaker,1972-06-11,,Marketing
20312,Calvin Matthews,12/25/1963,958 North Green New St.,Kit manager
20313,Jamie Stafford,11/3/1996,728 North White Hague Road,Kit manager
20314,Teresa Mc Connell,1962-07-11,77 East Rocky Cowley Parkway,Data analyst
20315,Otis Washington,8/10/1986,628 South White Milton Way,Recruiter
20316,Rosemary Ellison,11/12/1973,28 North Green Hague Way,Groundsman
20317,Pablo Gould,11/30/1976,58 West White Hague Blvd.,Coach
20318,Suzanne Bird,8/24/1992,707 North Green Clarendon Freeway,Data analyst
20319,Jackie Mckay,7/25/1978,73 West Green Cowley Road,Kit manager
20320,Liza Browning,5/31/1953,686 East Rocky Old Street,Steward
20321,Johnnie Anthony,8/16/1950,75 South Green Milton Blvd.,Physiotherapist
20322,Walter Mullen,5/21/1964,238 South Rocky Oak Parkway,Marketing
20323,Derrick Carey,12/22/1998,462 West White Second Freeway,Groundsman
20324,Luz Woodward,6/13/1981,952 North Green Milton Way,Recruiter
20325,Mandy Clayton,9/10/1977,,Physiotherapist
20326,Randall Harding,3/24/1996,77 South Rocky Second Avenue,Marketing
20327,Harry Quinn,2/19/1981,731 North Green Nobel Way,Data analyst
20328,Julio Cole,11/5/1959,,Groundsman
20329,Cynthia Miles,12/13/1990,222 North White Clarendon Way,Recruiter
20330,Gabriela Cortez,12/21/1975,686 North Rocky New Drive,Marketing
20331,Kisha Reid,7/19/1985,,Groundsman
20332,Brian Ibarra,5/19/1959,919 West Green First Drive,Marketing
20333,Lesley Kramer,8/17/1982,67 North Green Hague Way,Groundsman
20334,Everett Ryan,8/23/1957,374 North Green Clarendon Blvd.,Recruiter
20335,Jaime Vaughn,1965-10-20,,Kit manager
20336,Felicia Owens,7/25/1977,,Physiotherapist
20337,Theodore Rasmussen,9/11/1996,52 North Green Hague St.,Marketing
20338,Robin Flowers,4/18/1987,995 South White First Street,Recruiter
20339,Bryon Douglas,6/3/1957,75 South Green Milton Freeway,Kit manager
20340,Tanisha Murillo,3/29/1979,38 South Green Milton Way,Groundsman
20341,Robert Craig,1/24/1976,69 North Green Second St.,Steward
20342,Carla Chan,9/29/1956,54 North Green Milton Avenue,Kit manager
20343,Heidi Prince,1/18/1951,739 North Green Fabien Freeway,Recruiter
20344,Angelique Krause,8/16/1979,63 South White Cowley Way,Kit manager
20345,Jonathon Winters,7/12/1988,777 South Rocky Oak Avenue,Physiotherapist
20346,Lamar Dunlap,8/18/1978,439 West Green Hague Way,Groundsman
20347,Alan Valentine,5/12/1959,57 South White Clarendon Way,Data analyst
20348,Angie White,1951-01-17,31 West White Hague St.,Recruiter
20349,Carmen Fox,7/13/1971,772 South White Old Blvd.,Groundsman
20350,Brandi Kennedy,10/22/1995,86 South Green Hague Blvd.,Recruiter
20351,Elias Mueller,6/3/1950,711 South Green First Drive,Marketing
20352,Aaron Valentine,2001-08-24,523 East Green Cowley Freeway,Physiotherapist
20353,Clinton Larsen,10/21/1982,528 South Rocky Second Avenue,Groundsman
20354,Arthur Rasmussen,6/23/1990,37 East Green Second Boulevard,Recruiter
20355,Lonnie Stark,3/20/1986,891 North Green Cowley Way,Physiotherapist
20356,Devin Chen,3/11/1987,582 East Rocky Second Parkway,Recruiter
20357,Tracy Watkins,6/26/1977,957 East Green Fabien Drive,Groundsman
20358,Steven Harrell,8/30/1981,71 North Rocky First Blvd.,Data analyst
20359,Abel Porter,5/14/1955,431 North Rocky Milton Road,Data analyst
20360,Travis Hale,2/21/1981,26 South Green Oak Road,Physiotherapist
20361,Angelina Carr,1986-03-07,61 West Green Fabien Freeway,Recruiter
20362,Jody Hess,9/18/1976,29 North Green New Drive,Kit manager
20363,Isaac Barr,10/25/1980,,Data analyst
20364,Colby Hawkins,4/25/1952,597 North Green Old Street,Recruiter
20365,Chrystal Krueger,1974-01-14,,Data analyst
20366,Janine Villegas,1979-10-09,538 North Green Second Blvd.,Marketing
20367,Harry Maldonado,7/28/1954,278 North White Hague Boulevard,Scout
20368,Kareem Burns,8/20/1998,761 North White Fabien Road,Marketing
20369,Yvette Sosa,4/21/1988,63 North Green Hague Drive,Data analyst
20370,Ericka Molina,9/17/1964,82 East Green Nobel Way,Recruiter
20371,Kristen Rollins,12/4/1995,67 North Green Fabien Street,Kit manager
20372,Natalie Ware,9/1/1989,90 East Green Fabien Parkway,Marketing
20373,Forrest Klein,12/8/1973,283 South Rocky Milton Boulevard,Sport nutritionist
20374,Duane Benitez,8/11/1988,,Kit manager
20375,Alfredo Mcclain,12/5/1971,685 North Green Hague Parkway,Recruiter
20376,Hugh Ward,9/20/1972,843 North Green Second Freeway,Groundsman
20377,Bryan Krueger,6/4/1990,52 South Rocky Milton Street,Recruiter
20378,Brent Pace,5/27/2003,448 South Green Clarendon Way,Kit manager
20379,Theresa Randolph,9/9/1980,79 South Green Oak Drive,Marketing
20380,Jerome Bird,2002-05-23,765 North Rocky Fabien Drive,Marketing
20381,Brenda Hardin,4/23/1967,832 North White Clarendon Parkway,Groundsman
20382,Alex Zamora,1/14/1999,77 North Rocky Milton Avenue,Scout
20383,Otis Weaver,4/22/2001,63 West Rocky Cowley Way,Recruiter
20384,Martha Ball,7/19/1993,290 West White New Parkway,Data analyst
20385,Trevor Ellison,4/25/1994,217 East Green Hague Street,Data analyst
20386,Sergio Holloway,4/13/1960,,Recruiter
20387,Becky Winters,1/26/1999,934 North White Milton Road,Marketing
20388,Debra Stevens,5/6/2001,37 South Green Hague Way,Physiotherapist
20389,Gail Moran,8/3/1983,21 East Rocky Nobel Way,Physiotherapist
20390,Adam Silva,9/16/1991,92 North Green New Parkway,Physiotherapist
20391,Scotty Hall,1987-12-27,752 West Rocky Nobel Street,Conditioning coach
20392,Charlene Mcgrath,7/26/1989,831 South Green Oak Freeway,Kit manager
20393,Barry Michael,8/24/1955,825 North Green Oak Avenue,Marketing
20394,Kelli Buckley,1986-03-26,,Kit manager
20395,Sarah Mercado,8/8/1960,476 East Green Oak St.,Marketing
20396,Tera Rios,11/13/1968,,Sport nutritionist
20397,Clinton Arias,8/17/1986,42 South White Hague Freeway,Groundsman
20398,Cherie Wheeler,7/17/1984,76 North Green Fabien Drive,Groundsman
20399,Dennis Compton,12/22/1976,85 South White Oak Parkway,Kit manager
